{
  "version": "7",
  "dialect": "postgresql",
  "entries": [
    {
      "idx": 0,
      "version": "7",
      "when": 1765481228276,
      "tag": "0000_yielding_exiles",
      "breakpoints": true
    },
    {
      "idx": 1,
      "version": "7",
      "when": 1765541339532,
      "tag": "0001_massive_magdalene",
      "breakpoints": true
    },
    {
      "idx": 2,
      "version": "7",
      "when": 1765544901067,
      "tag": "0002_sleepy_thunderbolt",
      "breakpoints": true
    },
    {
      "idx": 3,
      "version": "7",
      "when": 1765618111901,
      "tag": "0003_curved_stature",
      "breakpoints": true
    }
  ]
}